﻿<?xml version="1.0" encoding="UTF-8" standalone="yes"?>
<addon id="plugin.video.mitvspain"
    name="Mitvspain"
    version="1.1.10"
    provider-name="MiTvSpain - Team">
  <requires>
    <import addon="xbmc.python" version="2.1.0"/>
    <import addon="script.module.libtorrent" optional="true"/>
  </requires>
  <extension point="xbmc.python.pluginsource" library="default.py">
    <provides>video</provides>
  </extension>
  <extension point="xbmc.addon.metadata">
    <summary lang="es">Películas y series a la carta</summary>
    <description lang="es">Películas, series, documentales, anime, ... Todo está en Internet, y ahora en tu media center.</description>
    <news>Añadida opcion elegir gestor de torrente des configuración, añadida opcion actualizacion de canales</news>
   
    <platform>all</platform>
    <license>GNU GPL v3</license>
  </extension>
  <extension point="xbmc.service" library="library_service.py" start="login|startup">
  </extension>
</addon>
