<?xml version="1.0" encoding="utf-8" standalone="yes"?>
<channel>
	<id>clasicofilm</id>
	<name>ClasicoFilm</name>

	<active>true</active>
	<adult>false</adult>
	<language>es</language>

	<fanart></fanart>
	<thumbnail>http://i.imgur.com/F7sevVu.jpg?1</thumbnail>
	<bannermenu>https://raw.githubusercontent.com/MiTvSpain/mitvspain/master/bannermenu/clasicofilm.png</bannermenu>

	<update_url>http://tinyurl.com/y8zh27fc/</update_url>
	<version>3</version>

	<changes>
		<change>
			<date>28/05/2017</date>
			<autor></autor>
			<description>Corregido findvideos</description>
		</change>
		<change>
			<date>15/03/2017</date>
			<autor></autor>
			<description>limpieza código</description>
		</change>
		<change>
			<date>07/02/17</date>
			<autor></autor>
			<description>Fix bug in newest</description>
		</change>
		<change>
			<date>09/01/2017</date>
			<autor></autor>
			<description>Primera version</description>
		</change>
	</changes>

	<categories>
		<category>movie</category>
	</categories>

	<settings>
		<id>include_in_newest_peliculas</id>
		<type>bool</type>
		<label>Incluir en Novedades - Películas</label>
		<default>true</default>
		<enabled>true</enabled>
		<visible>true</visible>
	</settings>
	<settings>
		<id>modo_grafico</id>
		<type>bool</type>
		<label>Buscar información extra</label>
		<default>true</default>
		<enabled>true</enabled>
		<visible>true</visible>
	</settings>
	<settings>
		<id>perfil</id>
		<type>list</type>
		<label>Perfil de color</label>
		<default>3</default>
		<enabled>true</enabled>
		<visible>true</visible>
		<lvalues>Sin color</lvalues>
		<lvalues>Perfil 3</lvalues>
		<lvalues>Perfil 2</lvalues>
		<lvalues>Perfil 1</lvalues>
	</settings>
</channel>
