<?xml version="1.0" encoding="utf-8" standalone="yes"?>
<channel>
	<id>mejortorrent</id>
	<name>Mejor Torrent</name>

	<active>true</active>
	<adult>false</adult>
	<language>es</language>
	
	<version>1</version>

	<fanart></fanart>
	<thumbnail>https://raw.githubusercontent.com/MiTvSpain/mitvspain/master/squares/mejortorrent.png</thumbnail>
	<bannermenu>https://raw.githubusercontent.com/MiTvSpain/mitvspain/master/bannermenu/mejortorrent.png</bannermenu>

	<update_url>http://tinyurl.com/y8zh27fc/</update_url>

	
	<changes>
		<change>
			<date>17/04/2017</date>
			<autor></autor>
			<description>Arreglado error que impedía el uso del canal</description>
		</change>
		<change>
			<date>01/07/2016</date>
			<autor></autor>
			<description>Eliminado código innecesario.</description>
		</change>
	</changes>

	<categories>
		<category>torrent</category>
		<category>movie</category>
		<category>serie</category>
		<category>documentary</category>
	</categories>

	<settings>
		<id>include_in_global_search</id>
		<type>bool</type>
		<label>Incluir en busqueda global</label>
		<default>true</default>
		<enabled>true</enabled>
		<visible>true</visible>
	</settings>
</channel>
