<?xml version="1.0" encoding="utf-8" standalone="yes"?>
<channel>
	<id>zentorrents</id>
	<name>Zentorrent</name>

	<active>false</active>
	<adult>false</adult>
	<language>es</language>

    <version>18</version>
    <changes>
         
            <change>
                    <date>07/12/2016</date>
			        <autor></autor>
                    <description>Correciones código. Adaptación a Infoplus</description>
            </change>        
            <change> 
                    <date>03/04/2017</date>
			        <autor></autor>
                    <description>Migración a Httptools</description>
            </change>
            <change> 
                    <date>30/04/2017</date>
			        <autor></autor>
                    <description>Correción cambios web</description>
            </change> 
            <change>
                    <date>28/06/2017</date>
                    <autor></autor>
                    <description>Corrección código y algunas mejoras</description>
            </change>
            
    </changes>


	<fanart></fanart>
	<thumbnail>http://s6.postimg.org/9zv90yjip/zentorrentlogo.jpg</thumbnail>
	<bannermenu>https://raw.githubusercontent.com/MiTvSpain/mitvspain/master/bannermenu/zentorrents.png</bannermenu>

	<update_url>http://tinyurl.com/y8zh27fc/</update_url>
	
	
	<categories>
		<category>torrent</category>
		<category>movie</category>
		<category>serie</category>
	</categories>

	<settings>
		<id>include_in_global_search</id>
		<type>bool</type>
		<label>Incluir en busqueda global</label>
		<default>true</default>
		<enabled>true</enabled>
		<visible>true</visible>
	</settings>
</channel>
