<?xml version="1.0" encoding="utf-8" standalone="yes"?>
<channel>
	<id>bajui2</id>
	<name>Bajui2</name>

	<active>true</active>
	<adult>false</adult>
	<language>es</language>

	<fanart></fanart>
	<thumbnail>https://raw.githubusercontent.com/MiTvSpain/mitvspain/master/squares/bajui2.png</thumbnail>
	<bannermenu>https://raw.githubusercontent.com/MiTvSpain/mitvspain/master/bannermenu/bajui.png</bannermenu>
	
	<update_url>https://raw.githubusercontent.com/MiTvSpain/mitvspain/master/mitvspain/python/main-classic/channels/</update_url>
	<version>1</version>
	<changes>
		<change>
			<date>04/08/2017</date>
			<autor>MitvSpain</autor>
			<description>Nuevo canal</description>
		</change>
	
	</changes>

	<categories>
		<category>movie</category>
		<category>serie</category>
		<category>documentary</category>
		<category>vos</category>
	</categories>

	<settings>
		<id>include_in_global_search</id>
		<type>bool</type>
		<label>Incluir en busqueda global</label>
		<default>true</default>
		<enabled>true</enabled>
		<visible>true</visible>
	</settings>
</channel>
