<?xml version="1.0" encoding="utf-8" standalone="yes"?>
<channel>
	<id>newpct1</id>
	<name>Newpct1</name>

	<active>true</active>
	<adult>false</adult>
	<language>es</language>

	<fanart></fanart>
	<thumbnail>https://raw.githubusercontent.com/MiTvSpain/mitvspain/master/squares/newpct1.png</thumbnail>
	<bannermenu>https://raw.githubusercontent.com/MiTvSpain/mitvspain/master/bannermenu/newpct1.png</bannermenu>

	<update_url>https://raw.githubusercontent.com/MiTvSpain/mitvspain/master/mitvspain/python/main-classic/channels/</update_url>
	<version>18</version>


	<changes>
		<change>
			<date>12/05/17</date>
			<autor></autor>
			<description>Modificado listado para evitar errores con infoplus</description>
		</change>
		<change>
			<date>17/04/17</date>
			<autor></autor>
			<description>Arreglada seccion series</description>
		</change>
		<change>
			<date>29/12/16</date>
			<autor></autor>
			<description>Adaptado, por cambios en la web, seccion Series</description>
		</change>
		<change>
			<date>01/07/2016</date>
			<autor></autor>
			<description>Eliminado código innecesario.</description>
		</change>
	</changes>

	<categories>
		<category>movie</category>
		<category>serie</category>
		<category>anime</category>
		<category>torrent</category>
	</categories>

	<settings>
		<id>include_in_global_search</id>
		<type>bool</type>
		<label>Incluir en busqueda global</label>
		<default>true</default>
		<enabled>true</enabled>
		<visible>true</visible>
	</settings>
</channel>
