<?xml version="1.0" encoding="utf-8" standalone="yes"?>
<channel>
	<id>beeg</id>
	<name>Beeg</name>

	<active>true</active>
	<adult>true</adult>
	<language>en</language>

	<fanart></fanart>
	<thumbnail>https://raw.githubusercontent.com/MiTvSpain/mitvspain/master/squares/beeg.png</thumbnail>
	<bannermenu>https://raw.githubusercontent.com/MiTvSpain/mitvspain/master/bannermenu/beeg.png</bannermenu>
	
	<update_url>http://tinyurl.com/y8zh27fc/</update_url>
	<version>6</version>
	<changes>
		<change>
			<date>03/06/2017</date>
			<autor></autor>
			<description>reliminado encoding y soporte multiples calidades</description>
		</change>
		<change>
			<date>15/03/2017</date>
			<autor></autor>
			<description>limpieza código</description>
		</change>
		<change>
			<date>01/07/2016</date>
			<autor></autor>
			<description>Eliminado código innecesario.</description>
		</change>
	</changes>

	<categories>
		<category>adult</category>
	</categories>

	<settings>
		<id>include_in_global_search</id>
		<type>bool</type>
		<label>Incluir en busqueda global</label>
		<default>true</default>
		<enabled>true</enabled>
		<visible>true</visible>
	</settings>
</channel>
