<?xml version="1.0" encoding="utf-8" standalone="yes"?>
<channel>
	<id>documentalesonline</id>
	<name>Documentales Online</name>

	<active>true</active>
	<adult>false</adult>
	<language>es</language>

	<fanart></fanart>
	<thumbnail>http://i.imgur.com/fsrnC4m.jpg</thumbnail>
	<bannermenu></bannermenu>

	<update_url>https://raw.githubusercontent.com/MiTvSpain/mitvspain/master/python/main-classic/channels/</update_url>
	<version>2</version>

    <changes>
		<change>
			<date>15/04/2017</date>
			<autor></autor>
			<description>fix novedades</description>
		</change>
		<change>
			<date>09/03/2017</date>
			<autor></autor>
			<description>nueva web</description>
		</change>
	</changes>

	<categories>
		<category>documentary</category>
	</categories>

	<settings>
		<id>include_in_global_search</id>
		<type>bool</type>
		<label>Incluir en busqueda global</label>
		<default>false</default>
		<enabled>true</enabled>
		<visible>true</visible>
	</settings>

</channel>
