<?xml version="1.0" encoding="utf-8" standalone="yes"?>
<channel>
	<id>hentaiid</id>
	<name>Hentai ID</name>

	<active>true</active>
	<adult>true</adult>
	<language>es</language>
	
	<fanart></fanart>
	<thumbnail>https://dl.dropboxusercontent.com/u/30248079/hentai_id.png</thumbnail>
	<bannermenu>https://dl.dropboxusercontent.com/u/30248079/hentai_id2.png</bannermenu>

	<update_url>https://raw.githubusercontent.com/MiTvSpain/mitvspain/master/python/main-classic/channels/</update_url>
	<version>2</version>
	<date>09/03/2017</date>
	<changes>Fix web</changes>

	<categories>
		<category>adult</category>
	</categories>
</channel>
