<?xml version="1.0" encoding="utf-8" standalone="yes"?>
<channel>
	<id>javtasty</id>
	<name>JavTasty</name>
	<language>es</language>
	<active>true</active>
	<adult>true</adult>

	<version>1</version>
	<changes>
		<change>
			<date>29/04/2017</date>
			<autor></autor>
			<description>Primera versión</description>
		</change>
	</changes>

	<fanart></fanart>
	<thumbnail>http://i.imgur.com/OTYwbAa.png?1</thumbnail>
	<bannermenu></bannermenu>
	<update_url>http://tinyurl.com/y8zh27fc/</update_url>

	<categories>
		<category>adult</category>
	</categories>

	<settings>
		<id>menu_info</id>
		<type>bool</type>
		<label>Mostrar menú antes de reproducir con imágenes</label>
 		<default>true</default>
 		<enabled>true</enabled>
 		<visible>true</visible>
 	</settings>
</channel>
