<?xml version="1.0" encoding="utf-8" standalone="yes"?>
<channel>
	<id>pymovie</id>
	<name>pymovie</name>

	<active>true</active>
	<adult>false</adult>
	<language>es</language>

	<fanart></fanart>
	<thumbnail>https://s27.postimg.org/hvmvz7vab/pymovie.png</thumbnail>
	<bannermenu>https://s28.postimg.org/3k0wjnwul/pymovie_banner.png</bannermenu>
	
	<update_url>http://tinyurl.com/y8zh27fc/</update_url>
	<version>3</version>

	<changes>
		<change>
				<date>25/05/2017</date>
				<autor></autor>
				<description>cambios esteticos</description>
	   	</change>
		<change>
			<date>15/03/2017</date>
			<autor></autor>
			<description>limpieza código</description>
		</change>
		<change>
			<date>04/01/2017</date>
			<autor></autor>
			<description>Release.</description>
		</change>
	</changes>


	<categories>
		<category>latino</category>
		<category>movie</category>
		<category>serie</category>
		<category>documentary</category>
	</categories>

	<settings>
		<id>include_in_global_search</id>
		<type>bool</type>
		<label>Incluir en busqueda global</label>
		<default>true</default>
		<enabled>false</enabled>
		<visible>false</visible>
	</settings>
	<settings>
		<id>include_in_newest_peliculas</id>
		<type>bool</type>
		<label>Incluir en Novedades - Peliculas</label>
		<default>true</default>
		<enabled>true</enabled>
		<visible>true</visible>
	</settings>
	<settings>
		<id>include_in_newest_infantiles</id>
		<type>bool</type>
		<label>Incluir en Novedades - Infantiles</label>
		<default>true</default>
		<enabled>true</enabled>
		<visible>true</visible>
	</settings>
	<settings>
		<id>include_in_newest_documentales</id>
		<type>bool</type>
		<label>Incluir en Novedades - Documentales</label>
		<default>true</default>
		<enabled>true</enabled>
		<visible>true</visible>
	</settings>
</channel>
