<?xml version="1.0" encoding="utf-8" standalone="yes"?>
<channel>
	<id>repelis</id>
	<name>Repelis</name>

	<active>false</active>
	<adult>false</adult>
	<language>es</language>

	<fanart></fanart>
	<thumbnail>https://raw.githubusercontent.com/MiTvSpain/mitvspain/master/squares/repelis.png</thumbnail>
	<bannermenu>https://raw.githubusercontent.com/MiTvSpain/mitvspain/master/bannermenu/repelis.png</bannermenu>

	<update_url>http://tinyurl.com/y8zh27fc/</update_url>
	<version>2</version>
	<changes>
		<change>
			<date>18/05/2017</date>
			<autor></autor>
			<description>Cambiado patrón en búsqueda de videos</description>
		</change>
		<change>
			<date>15/03/2017</date>
			<autor></autor>
			<description>limpieza código</description>
		</change>
		<change>
			<date>01/07/2016</date>
			<autor></autor>
			<description>Eliminado código innecesario.</description>
		</change>
	</changes>

	<categories>
		<category>movie</category>
		<category>documentary</category>
	</categories>

	<settings>
		<id>include_in_global_search</id>
		<type>bool</type>
		<label>Incluir en busqueda global</label>
		<default>true</default>
		<enabled>true</enabled>
		<visible>true</visible>
	</settings>
</channel>
