<?xml version="1.0" encoding="utf-8" standalone="yes"?>
<channel>
	<id>unsoloclic</id>
	<name>Unsoloclic</name>

	<active>true</active>
	<adult>false</adult>
	<language>es</language>

	<fanart></fanart>
	<thumbnail>https://raw.githubusercontent.com/MiTvSpain/mitvspain/master/squares/unsoloclic.png</thumbnail>
	<bannermenu>https://raw.githubusercontent.com/MiTvSpain/mitvspain/master/bannermenu/unsoloclic.png</bannermenu>

	<update_url>http://tinyurl.com/y8zh27fc/</update_url>
	<version>3</version>
	<changes>
		<change>
			<date>15/03/2017</date>
			<autor></autor>
			<description>limpieza código</description>
		</change>
		<change>
			<date>01/07/2016</date>
			<autor></autor>
			<description>Eliminado código innecesario.</description>
		</change>
	</changes>

	<categories>
		<category>movie</category>
		<category>serie</category>
	</categories>

</channel>
