<?xml version="1.0" encoding="utf-8" standalone="yes"?>
<channel>
	<id>filesmonster_catalogue</id>
	<name>Filesmonster Catalogue</name>

	<active>false</active>
	<adult>true</adult>
	<language>es</language>
	
	<fanart></fanart>
	<thumbnail>https://raw.githubusercontent.com/MiTvSpain/mitvspain/master/squares/filesmonster_catalogue.png</thumbnail>
	<bannermenu>https://raw.githubusercontent.com/MiTvSpain/mitvspain/master/bannermenu/filesmonster_catalogue.png</bannermenu>

	<update_url>https://raw.githubusercontent.com/MiTvSpain/mitvspain/master/mitvspain/python/main-classic/channels/</update_url>
	<version>4</version>

	<changes>
		<change>
			<date>15/03/2017</date>
			<autor></autor>
			<description>limpieza código</description>
		</change>
		<change>
			<date>05/08/2016</date>
			<autor></autor>
			<description>Eliminado de sección películas</description>
		</change>
	</changes>

	<categories>
		<category>adult</category>
	</categories>

	<settings>
		<id>include_in_global_search</id>
		<type>bool</type>
		<label>Incluir en busqueda global</label>
		<default>false</default>
		<enabled>true</enabled>
		<visible>true</visible>
	</settings>
</channel>
