<?xml version="1.0" encoding="utf-8" standalone="yes"?>
<channel>
	<id>erotik</id>
	<name>Erotik</name>

	<active>true</active>
	<adult>true</adult>
	<language>es</language>

	<fanart></fanart>
	<thumbnail>http://www.youfreeporntube.com/uploads/custom-logo.png</thumbnail>
	<bannermenu>http://www.youfreeporntube.com/uploads/custom-logo.png</bannermenu>

	<update_url>http://tinyurl.com/y8zh27fc/</update_url>
	<version>1</version>

	<changes>
		<change>
			<date>15/03/2017</date>
			<autor></autor>
			<description>limpieza código</description>
		</change>
		<change>
			<date>26/12/2016</date>
			<autor></autor>
			<description>Release.</description>
		</change>
	</changes>

	<categories>
		<category>adult</category>
	</categories>

	<settings>
		<id>include_in_global_search</id>
		<type>bool</type>
		<label>Incluir en busqueda global</label>
		<default>true</default>
		<enabled>true</enabled>
		<visible>true</visible>
	</settings>
</channel>
