<?xml version="1.0" encoding="utf-8" standalone="yes"?>
<channel>
	<id>metaserie</id>
	<name>MetaSerie (Latino)</name>

	<compatible>
		<addon_version>1.0.0</addon_version>
	</compatible>

	<active>true</active>
	<adult>false</adult>
	<language>es</language>

	<fanart></fanart>
	<thumbnail>https://s32.postimg.org/7g50yo39h/metaserie.png</thumbnail>
	<bannermenu>https://s31.postimg.org/u6yddil8r/metaserie_banner.png</bannermenu>
	
	<update_url>http://tinyurl.com/y8zh27fc/</update_url>
    <version>9</version>

	<changes>
		<change>
         <date>24/06/2017</date>
         <autor></autor>
         <description>Cambios para autoplay</description>
        </change>
		<change>
			<date>06/06/2017</date>
			<autor></autor>
			<description>Compatibilidad con AutoPlay</description>
   		</change>
		<change>
			<date>25/05/2017</date>
			<autor></autor>
			<description>cambios esteticos</description>
   		</change>
		<change>
			<date>15/03/2017</date>
			<autor></autor>
			<description>limpieza código</description>
		</change>
		<change>
			<date>04/01/2017</date>
			<autor></autor>
			<description>Release.</description>
		</change>
	</changes>
	<categories>
		<category>latino</category>
		<category>serie</category>
	</categories>
	
	<settings>
		<id>include_in_global_search</id>
		<type>bool</type>
		<label>Incluir en busqueda global</label>
		<default>false</default>
		<enabled>false</enabled>
		<visible>false</visible>
	</settings>

	<settings>
		<id>filter_languages</id>
		<type>list</type>
		<label>Mostrar enlaces en idioma...</label>
		<default>0</default>
		<enabled>true</enabled>
		<visible>true</visible>
		<lvalues>No filtrar</lvalues>
		<lvalues>Latino</lvalues>
		<lvalues>Español</lvalues>
		<lvalues>VOS</lvalues>
	</settings>

	
</channel>
