<?xml version="1.0" encoding="utf-8" standalone="yes"?>
<channel>
   <id>pelisgratis</id>
   <name>PelisGratis</name>

   <active>false</active>
   <adult>false</adult>
   <language>es</language>

   <fanart></fanart>
   <thumbnail>https://s30.postimg.org/kilh4lr4x/pelisgratis.png</thumbnail>
   <bannermenu>https://s15.postimg.org/nztottswb/pelisgratis-banner.png</bannermenu>

   <update_url>http://tinyurl.com/y8zh27fc/</update_url>
   <version>1</version>
   <changes>
      <change>
         <date>26/05/2017</date>
         <autor></autor>
         <description>First release</description>
      </change>
   </changes>

   <categories>
      <category>latino</category>
      <category>movie</category>
   </categories>

	<settings>
		<id>include_in_global_search</id>
		<type>bool</type>
		<label>Incluir en busqueda global</label>
		<default>true</default>
		<enabled>true</enabled>
		<visible>true</visible>
	</settings>
   <settings>
		<id>include_in_newest_peliculas</id>
		<type>bool</type>
		<label>Incluir en Novedades - Peliculas</label>
		<default>true</default>
		<enabled>true</enabled>
		<visible>true</visible>
	</settings>
	<settings>
		<id>include_in_newest_infantiles</id>
		<type>bool</type>
		<label>Incluir en Novedades - Infantiles</label>
		<default>true</default>
		<enabled>true</enabled>
		<visible>true</visible>
	</settings>
</channel>
