<?xml version="1.0" encoding="utf-8" standalone="yes"?>
<channel>
	<id>animeid</id>
	<name>Animeid</name>

	<active>false</active>
	<adult>false</adult>
	<language>es</language>

	<fanart></fanart>
	<thumbnail>https://raw.githubusercontent.com/MiTvSpain/mitvspain/master/squares/animeid.png</thumbnail>
	<bannermenu>https://raw.githubusercontent.com/MiTvSpain/mitvspain/master/bannermenu/animeid.png</bannermenu>

	<update_url>https://raw.githubusercontent.com/MiTvSpain/mitvspain/master/mitvspain/python/main-classic/channels/</update_url>
	<version>6</version>
	<changes>
		<change>
			<date>17/05/2017</date>
			<autor></autor>
			<description>Fix novedades y replace en findvideos</description>
		</change>
		<change>
			<date>15/03/2017</date>
			<autor></autor>
			<description>limpieza código</description>
		</change>
		<change> 
			<date>04/01/16</date>
			<autor></autor>
			<description>Arreglado problema en findvideos</description>
		</change>
	</changes>

	<categories>
		<category>anime</category>
	</categories>

	<settings>
		<id>include_in_global_search</id>
		<type>bool</type>
		<label>Incluir en busqueda global</label>
		<default>false</default>
		<enabled>true</enabled>
		<visible>true</visible>
	</settings>
	<settings>
		<id>include_in_newest_anime</id>
		<type>bool</type>
		<label>Incluir en Novedades - Episodios de anime</label>
		<default>true</default>
		<enabled>true</enabled>
		<visible>true</visible>
	</settings>
</channel>
