﻿<?xml version="0.1" encoding="utf-8" standalone="yes"?>
<channel>
	<id>peliculashindu</id>
	<name>PeliculasHindu</name>

	<active>true</active>
	<adult>false</adult>
	<language>es</language>

	<fanart></fanart>
	<thumbnail>http://i.imgur.com/8wBFVoF.png</thumbnail>
	<bannermenu>http://i.imgur.com/jduq9sc.png</bannermenu>

	<update_url>http://tinyurl.com/y8zh27fc/</update_url>
	<version>1</version>
	
    <changes>
		<change>
			<date>25/05/2017</date>
			<autor></autor>
			<description>Primera version</description>
		</change>
	</changes>
	
	<categories>
		<category>movie</category>
	</categories>

</channel>
