<?xml version="1.0" encoding="utf-8" standalone="yes"?>
<channel>
	<id>tengourl</id>
	<name>Tengo una URL</name>

	<active>false</active>
	<adult>false</adult>
	<language></language>

	<fanart></fanart>
	<thumbnail>https://raw.githubusercontent.com/MiTvSpain/mitvspain/master/squares/tengourl.png</thumbnail>
	<bannermenu>https://raw.githubusercontent.com/MiTvSpain/mitvspain/master/bannermenu/tengourl.png</bannermenu>

	<update_url>http://tinyurl.com/y8zh27fc/</update_url>
	<version>2</version>
	<changes>
		<change>
			<date>15/03/2017</date>
			<autor></autor>
			<description>limpieza código</description>
		</change>
		<change>
			<date>01/07/2016</date>
			<autor></autor>
			<description>Eliminado código innecesario.</description>
		</change>
	</changes>

</channel>
