<?xml version="1.0" encoding="utf-8" standalone="yes"?>
<channel>
   <id>cinecalidad</id>
   <name>CineCalidad</name>

   <compatible>
		<addon_version>4.3</addon_version>
   </compatible>

   <active>true</active>
   <adult>false</adult>
   <language>es</language>

   <fanart></fanart>
   <thumbnail>https://s31.postimg.org/puxmvsi7v/cinecalidad.png</thumbnail>
   <bannermenu>https://s32.postimg.org/kihkdpx1x/banner_cinecalidad.png</bannermenu>

   <update_url>https://raw.githubusercontent.com/MiTvSpain/mitvspain/master/mitvspain/python/main-classic/channels//</update_url>
   <version>9</version>
    <changes>
        <change>
         <date>24/06/2017</date>
         <autor></autor>
         <description>Cambios para autoplay</description>
      </change>
      <change>
         <date>06/06/2017</date>
         <autor></autor>
         <description>Compatibilidad con AutoPlay</description>
      </change>
      <change>
         <date>15/03/2017</date>
         <autor></autor>
         <description>limpieza c&#243;digo</description>
      </change>
      <change>
         <date>18/06/2016</date>
         <autor></autor>
         <description>First release.</description>
      </change>
   </changes>

   <categories>
      <category>latino</category>
      <category>movie</category>
   </categories>

   <settings>
      <id>include_in_global_search</id>
      <type>bool</type>
      <label>Incluir en busqueda global</label>
      <default>false</default>
      <enabled>false</enabled>
      <visible>false</visible>
   </settings>

   <settings>
      <id>filter_languages</id>
      <type>list</type>
      <label>Mostrar enlaces en idioma...</label>
      <default>0</default>
      <enabled>true</enabled>
      <visible>true</visible>
      <lvalues>No filtrar</lvalues>
      <lvalues>Latino</lvalues>
      <lvalues>Español</lvalues>
      <lvalues>Portuges</lvalues>
   </settings>
   
   <settings>
		<id>include_in_newest_peliculas</id>
		<type>bool</type>
		<label>Incluir en Novedades - Peliculas</label>
		<default>true</default>
		<enabled>true</enabled>
		<visible>true</visible>
	</settings>
	<settings>
		<id>include_in_newest_infantiles</id>
		<type>bool</type>
		<label>Incluir en Novedades - Infantiles</label>
		<default>true</default>
		<enabled>true</enabled>
		<visible>true</visible>
	</settings>
</channel>
