<?xml version="1.0" encoding="utf-8" standalone="yes"?>
<channel>
	<id>divxatope</id>
	<name>Divxatope</name>

	<active>true</active>
	<adult>false</adult>
	<language>es</language>

	<fanart></fanart>
	<thumbnail>https://raw.githubusercontent.com/MiTvSpain/mitvspain/master/squares/divxatope.png</thumbnail>
	<bannermenu>https://raw.githubusercontent.com/MiTvSpain/mitvspain/master/bannermenu/divxatope.png</bannermenu>

	<update_url>https://raw.githubusercontent.com/MiTvSpain/mitvspain/master/mitvspain/python/main-classic/channels//</update_url>
	<version>9</version>

	<changes>
		<change>
			<date>17/04/17</date>
			<autor></autor>
			<description>Reparados torrents, añadidas nuevas secciones</description>
		</change>
		<change>
			<date>13/01/17</date>
			<autor></autor>
			<description>Reparados torrents y paginacion. Añadida seccion Peliculas 4K ultraHD</description>
		</change>
		<change>
			<date>31/12/16</date>
			<autor></autor>
			<description>Adaptado, por cambios en la web</description>
		</change>
		<change>
			<date>01/07/16</date>
			<autor></autor>
			<description>Eliminado código innecesario.</description>
		</change>
		<change> 
			<date>29/04/16</date>
			<autor></autor>
			<description>Adaptar a Buscador global y Novedades Peliculas y Series</description>
		</change>
	</changes>

	<categories>
		<category>torrent</category>
		<category>movie</category>
		<category>serie</category>
	</categories>
	
	<settings>
		<id>include_in_global_search</id>
		<type>bool</type>
		<label>Incluir en busqueda global</label>
		<default>false</default>
		<enabled>true</enabled>
		<visible>true</visible>
	</settings>
	<settings>
		<id>include_in_newest_peliculas</id>
		<type>bool</type>
		<label>Incluir en Novedades - Peliculas</label>
		<default>true</default>
		<enabled>true</enabled>
		<visible>true</visible>
	</settings>
	<settings>
		<id>include_in_newest_series</id>
		<type>bool</type>
		<label>Incluir en Novedades - Episodios de series</label>
		<default>true</default>
		<enabled>true</enabled>
		<visible>true</visible>
	</settings>
</channel>
