<?xml version="1.0" encoding="utf-8" standalone="yes"?>
<channel>
	<id>hentaienespanol</id>
	<name>HentaiEnEspañol</name>

	<active>true</active>
	<adult>true</adult>
	<language>es</language>

	<fanart></fanart>
	<thumbnail>https://s11.postimg.org/cmuwcvvpf/hentaienespanol.png</thumbnail>
	<bannermenu>https://s3.postimg.org/j3qkfut8z/hentaienespanol_banner.png</bannermenu>

	<update_url>https://raw.githubusercontent.com/MiTvSpain/mitvspain/master/mitvspain/python/main-classic/channels//</update_url>
	<version>2</version>

	<changes>
		<change>
			<date>15/03/2017</date>
			<autor></autor>
			<description>limpieza código</description>
		</change>
		<change>
			<date>01/12/2016</date>
			<autor></autor>
			<description>Release.</description>
		</change>
	</changes>

	<categories>
		<category>adult</category>
	</categories>

	<settings>
		<id>include_in_global_search</id>
		<type>bool</type>
		<label>Incluir en busqueda global</label>
		<default>false</default>
		<enabled>false</enabled>
		<visible>false</visible>
	</settings>
</channel>
