<?xml version="1.0" encoding="utf-8" standalone="yes"?>
<channel>
	<id>megaforo</id>
	<name>Megaforo</name>

	<active>false</active>
	<adult>false</adult>
	<language>es</language>

	<fanart></fanart>
	<thumbnail>https://raw.githubusercontent.com/MiTvSpain/mitvspain/master/squares/megaforo.png</thumbnail>
	<bannermenu>https://raw.githubusercontent.com/MiTvSpain/mitvspain/master/bannermenu/megaforo.png</bannermenu>

	<update_url>https://raw.githubusercontent.com/MiTvSpain/mitvspain/master/mitvspain/python/main-classic/channels//</update_url>
	<version>2</version>
	<changes>
		<change>
			<date>15/03/2017</date>
			<autor>SeiTaN</autor>
			<description>limpieza código</description>
		</change>
		<change>
			<date>01/07/2016</date>
			<autor>SeiTaN</autor>
			<description>Eliminado código innecesario.</description>
		</change>
	</changes>

	<categories>
		<category>movie</category>
		<category>serie</category>
		<category>documentary</category>
	</categories>
	<settings>
		<id>megaforouser</id>
		<type>text</type>
		<label>@30014</label>
		<enabled>true</enabled>
		<visible>true</visible>
	</settings>
	<settings>
		<id>megaforopassword</id>
		<type>text</type>
		<label>@30015</label>
		<hidden>true</hidden>
		<enabled>!eq(-1,'')</enabled>
		<visible>true</visible>
	</settings>
	
	

</channel>
