<?xml version="1.0" encoding="utf-8" standalone="yes"?>
<channel>
   <id>pelisfox</id>
   <name>pelisfox</name>

   <active>true</active>
   <adult>false</adult>
   <language>es</language>

   <fanart></fanart>
   <thumbnail>https://s14.postimg.org/c43etc1lt/pelisfox.png</thumbnail>
   <bannermenu>https://s30.postimg.org/p6twg905d/pelisfox-banner.png</bannermenu>

   <update_url>https://raw.githubusercontent.com/MiTvSpain/mitvspain/master/mitvspain/python/main-classic/channels//</update_url>
   <version>3</version>
   <changes>
	   	<change>
   		 	<date>16/06/2017</date>
         	<autor></autor>
         	<description>Fix pagina siguiente</description>
      	</change>

   		<change>
   			<date>25/05/2017</date>
         	<autor></autor>
         	<description>cambios esteticos</description>
      	</change>
   		<change>
   			<date>05/05/2017</date>
   			<autor></autor>
   			<description>First release</description>
   		</change>
   	</changes>

   <categories>
      <category>latino</category>
      <category>movie</category>
   </categories>

	<settings>
		<id>include_in_global_search</id>
		<type>bool</type>
		<label>Incluir en busqueda global</label>
		<default>true</default>
		<enabled>true</enabled>
		<visible>true</visible>
	</settings>
   <settings>
		<id>include_in_newest_peliculas</id>
		<type>bool</type>
		<label>Incluir en Novedades - Peliculas</label>
		<default>true</default>
		<enabled>true</enabled>
		<visible>true</visible>
	</settings>
	<settings>
		<id>include_in_newest_infantiles</id>
		<type>bool</type>
		<label>Incluir en Novedades - Infantiles</label>
		<default>true</default>
		<enabled>true</enabled>
		<visible>true</visible>
	</settings>
</channel>
