<?xml version="1.0" encoding="utf-8" standalone="yes"?>
<channel>
	<id>personal</id>
	<name>Personal</name>
	<language>es</language>
	<update_url>http://tinyurl.com/y8zh27fc/</update_url>
	<active>false</active>
	<adult>false</adult>
	<version>1</version>
	<changes>
		<change>
			<date>15/03/2017</date>
			<autor></autor>
			<description>limpieza código</description>
		</change>
		<change>
			<date>01/07/2016</date>
			<autor></autor>
			<description>Eliminado código innecesario.</description>
		</change>
	</changes>
	<fanart></fanart>
	<thumbnail></thumbnail>
	<categories>
		<category>anime</category>
	</categories>
</channel>
