<?xml version="1.0" encoding="UTF-8" standalone="yes"?>
<addon id="script.module.pyrrent2http" name="pyrrent2http" version="0.9.8" provider-name="inpos">
    <requires>
        <import addon="xbmc.python" version="2.14.0"/>
        <import	addon="script.module.libtorrent" />
        <import addon="script.module.chardet" />
    </requires>
    <extension point="xbmc.python.module" library="lib"/>
    <extension point="xbmc.python.script" library="default.py">
    	<provides>executable</provides>
    </extension>
    <extension point="xbmc.addon.metadata">
        <platform>all</platform>
        <language>en</language>
        <summary lang="en">Downloads torrents and share it over HTTP</summary>
        <summary lang="ru">Загружает торренты и раздает их по HTTP</summary>
        <description lang="ru">Обеспечивает последовательную (sequential) загрузку торрентов для потокового онлайн просмотра через HTTP. Основан на библиотеке LibTorrent.</description>
        <description lang="en">Provides sequential torrent downloading for online streaming video and other media over HTTP.</description>
        <email>inpos@yandex.ru</email>
        <source>https://github.com/inpos/script.module.pyrrent2http</source></extension>
</addon>
