﻿<?xml version="1.0" encoding="UTF-8" standalone="yes"?>
<addon id="plugin.video.mitvspain"
    name="Mitvspain"
    version="1.1.14"
    provider-name="MiTvSpain - Team">
  <requires>
    <import addon="xbmc.python" version="2.1.0"/>
    <import addon="script.module.libtorrent" optional="true"/>
  </requires>
  <extension point="xbmc.python.pluginsource" library="default.py">
    <provides>video</provides>
  </extension>
  <extension point="xbmc.addon.metadata">
    <summary lang="es">Buscador de Peliculas y series alojadas en internet</summary>
    <description lang="es">MiTvSpain no dispone de ningun contenido alojado en servidores propios, es un buscador de enlaces ajenos.</description>
    <news>Reparado seriesblanco.animeflv</news>
   
    <platform>all</platform>
    <license>GNU GPL v3</license>
  </extension>
  <extension point="xbmc.service" library="library_service.py" start="login|startup">
  </extension>
</addon>
