<?xml version="1.0" encoding="utf-8" standalone="yes"?>
<channel>
	<id>cumlouder</id>
	<name>Cumlouder</name>
	
	<active>true</active>
	<adult>true</adult>
	<language>es</language>
	
	<fanart></fanart>
	<thumbnail>https://raw.githubusercontent.com/MiTvSpain/mitvspain/master/squares/cumlouder.png</thumbnail>
	<bannermenu>https://raw.githubusercontent.com/MiTvSpain/mitvspain/master/bannermenu/cumlouder.png</bannermenu>

	<update_url>https://raw.githubusercontent.com/MiTvSpain/mitvspain/master/python/main-classic/channels/</update_url>
	<version>3</version>

	<changes>
		<change>
			<date>04/05/17</date>
			<autor></autor>
			<description>Corregido, usa proxy en caso de error con https</description>
		</change>
		<change>
			<date>13/01/17</date>
			<autor></autor>
			<description>First version</description>
		</change>
	</changes>
	
	<categories>
		<category>adult</category>
	</categories>
</channel>
