<?xml version="1.0" encoding="utf-8" standalone="yes"?>
<channel>
	<id>miltorrents</id>
	<name>Miltorrents</name>
	<active>true</active>
	<adult>false</adult>
	<language>es</language>
    
    
    <version>3</version>
    <changes>
         
            <change>
                    <date>06/12/2016</date>
			        <autor></autor>
                    <description>Release</description>
            </change>        
            <change> 
                    <date>04/04/2017</date>
			        <autor></autor>
                    <description>Migración a Httptools y algunos arreglos</description>
            </change>
            <change>
                    <date>28/06/2017</date>
                    <autor></autor>
                    <description>Correciones código y algunas mejoras</description>
            </change>
    </changes>        
    
    <fanart></fanart>
	<thumbnail>http://imgur.com/KZoska0.png</thumbnail>
	<bannermenu>https://raw.githubusercontent.com/MiTvSpain/mitvspain/master/bannermenu/miltorrents.png</bannermenu>
    <update_url>https://raw.githubusercontent.com/MiTvSpain/mitvspain/master/python/main-classic/channels/</update_url>
    
	<categories>
		<category>torrent</category>
		<category>movie</category>
		<category>serie</category>
	</categories>

	<settings>
		<id>include_in_global_search</id>
		<type>bool</type>
		<label>Incluir en busqueda global</label>
		<default>true</default>
		<enabled>true</enabled>
		<visible>true</visible>
	</settings>
</channel>
