<?xml version="1.0" encoding="utf-8" standalone="yes"?>
<channel>
	<id>nuvid</id>
	<name>Nuvid</name>
	<language>es</language>
	<active>true</active>
	<adult>true</adult>

	<version>2</version>
	<changes>
		<change>
			<date>15/03/2017</date>
			<autor></autor>
			<description>limpieza código</description>
		</change>
		<change>
			<date>16/02/2017</date>
			<autor></autor>
			<description>Primera versión</description>
		</change>
	</changes>

	<fanart></fanart>
	<thumbnail>http://i.imgur.com/rSbuStX.png</thumbnail>
	<bannermenu></bannermenu>
	<update_url>https://raw.githubusercontent.com/MiTvSpain/mitvspain/master/python/main-classic/channels/</update_url>

	<categories>
		<category>adult</category>
	</categories>

</channel>
